,label
1, positive
2, negative
3, positive
4, positive
5, negative
6, negative
7, negative
8, positive
9, positive
10, positive
11, positive
12, positive
13, negative
14, negative
15, negative
16, positive
17, positive
18, positive
19,""
20, positive
21, negative
22, negative
23,""
24, positive
25, negative
26, positive
27, negative
28, positive
29, positive
30, negative
31, negative
32, positive
33, positive
34, negative
35, negative
36, negative
37, positive
38, negative
39, negative
40, positive
41, negative
42, negative
43,negative
44, negative
45, positive
46, negative
47, positive
48,""
49, negative
50, positive
51, positive
52, negative
53, positive
54, negative
55, positive
56, negative
57, negative
58, negative
59, positive
60, positive
61,
62, positive
63, negative
64, positive
65, positive
66, negative
67, positive
68, positive
69, positive
70, negative
71, negative
72,
73, negative
74, positive
75,""
76, positive
77, positive
78, negative
79, negative
80, positive
81, positive
82, negative
83,
84, positive
85, positive
86, positive
87, positive
88, positive
89, negative
90, negative
91, negative
92, positive
93, positive
94, positive
95, positive
96, negative
97, negative
98, positive
99, positive
100, positive
101, negative
102, negative
103, negative
104, negative
105, positive
106, negative
107, negative
108, negative
109, positive
110,""
111, positive
112, positive
113, negative
114, negative
115, negative
116, negative
117, negative
118, negative
119, positive
120, negative
121, negative
122, positive
123, positive
124,
125, negative
126, positive
127, positive
128, positive
129, positive
130, positive
131, positive
132, positive
133, negative
134, negative
135, positive
136, positive
137, positive
138, positive
139, positive
140, negative
141, negative
142,""
143, negative
144, negative
145,""
146, negative
147, negative
148, positive
149, negative
150, positive
151, negative
152, positive
153, positive
154,
155, positive
156, negative
157, positive
158, negative
159, negative
160, positive
161, negative
162, negative
163, positive
164, positive
165, positive
166, negative
167, negative
168, negative
169, negative
170,
171, negative
172, positive
173, positive
174, positive
175, positive
176, negative
177, negative
178, positive
179, positive
180, negative
181, negative
182, negative
183, negative
184, positive
185, negative
186, negative
187, negative
188, positive
189, positive
190, negative
191, positive
192, positive
193, positive
194, positive
195, positive
196, negative
197, negative
198,""
199, negative
200, negative
201, negative
202, positive
203, negative
204, negative
205, negative
206, negative
207, negative
208, positive
209, negative
210, negative
211, negative
212, negative
213, positive
214, positive
215, positive
216, positive
217, negative
218, positive
219, negative
220, negative
221, positive
222, positive
223, negative
224, positive
225, negative
226, negative
227, negative
228, positive
229, positive
230, negative
231, negative
232, negative
233, negative
234, positive
235, positive
236, negative
237, positive
238, negative
239,""
240, negative
241, negative
242, negative
243, negative
244, negative
245, positive
246, positive
247, negative
248, positive
249, positive
250, negative
251, positive
252, negative
253, negative
254, positive
255, positive
256, negative
257, positive
258, positive
259, positive
260, negative
261, positive
262, positive
263, negative
264, positive
265, positive
266, negative
267,
268, positive
269, positive
270, negative
271, negative
272, positive
273, negative
274, positive
275, negative
276, positive
277, negative
278, negative
279, positive
280, negative
281, positive
282, negative
283, negative
284, positive
285, negative
286, negative
287, negative
288, negative
289, positive
290, negative
291, negative
292, positive
293, negative
294, negative
295, negative
296, positive
297, negative
298, positive
299, negative
300, positive
301, positive
302, negative
303, positive
304, positive
305, positive
306, positive
307, positive
308, positive
309, positive
310, positive
311, negative
312, positive
313, positive
314, positive
315, positive
316, negative
317, negative
318, negative
319, negative
320, positive
321, positive
322, negative
323, negative
324, positive
325, positive
326, positive
327, positive
328, negative
329, positive
330, negative
331, positive
332, negative
333, negative
334, negative
335, positive
336, positive
337, positive
338, positive
339, positive
340, negative
341, positive
342, positive
343, positive
344, positive
345, positive
346, positive
347, positive
348, negative
349, negative
350, positive
351, negative
352, negative
353, negative
354, negative
355, negative
356, negative
357, negative
358, positive
359, positive
360, negative
361, positive
362, positive
363, negative
364, negative
365, positive
366, positive
367, positive
368, positive
369, negative
370, positive
371, positive
372, positive
373, negative
374, positive
375, positive
376, negative
377, positive
378, negative
379, negative
380, positive
381, negative
382, positive
383, positive
384, positive
385, negative
386, negative
387, positive
388, positive
389, positive
390, positive
391, positive
392, positive
393, positive
394, negative
395, negative
396, negative
397, positive
398, positive
399, positive
400, positive
401, negative
402, positive
403, positive
404, positive
405, negative
406, positive
407, negative
408, positive
409, negative
410, negative
411, positive
412, positive
413, negative
414, positive
415, negative
416, positive
417, negative
418, negative
419, negative
420, negative
421, negative
422, positive
423, positive
424, positive
425, negative
426, positive
427, positive
428, positive
429, positive
430, negative
431, positive
432, negative
433, negative
434, negative
435, positive
436,""
437,""
438, negative
439, negative
440,
441, positive
442, positive
443, positive
444, positive
445, positive
446, negative
447, negative
448, negative
449, positive
450, negative
451, positive
452, negative
453, negative
454, positive
455, negative
456, positive
457, negative
458, positive
459, negative
460, negative
461, negative
462, negative
463, positive
464, negative
465, negative
466, negative
467, positive
468, negative
469, negative
470, positive
471, positive
472, negative
473, negative
474, positive
475, negative
476, positive
477, negative
478, positive
479, negative
480, positive
481, positive
482, positive
483, positive
484, negative
485, negative
486, negative
487, negative
488, positive
489, positive
490, negative
491, positive
492, positive
493, positive
494, positive
495, positive
496, positive
497, negative
498, positive
499, negative
500, positive
501, negative
502, positive
503, negative
504, negative
505, negative
506, positive
507, positive
508, positive
509, positive
510, negative
511, negative
512, positive
513, positive
514, positive
515, positive
516, positive
517, negative
518, positive
519, negative
520, positive
521, negative
522, negative
523, negative
524, positive
525, negative
526, positive
527,""
528, positive
529, positive
530, positive
531, negative
532, positive
533, positive
534, positive
535, negative
536, positive
537, negative
538, positive
539, negative
540, negative
541, positive
542, positive
543, positive
544, negative
545, positive
546, negative
547, positive
548, negative
549, negative
550, positive
551, negative
552, positive
553, negative
554, negative
555, positive
556, negative
557,""
558,
559, positive
560, negative
561, positive
562, positive
563, negative
564, positive
565, positive
566, positive
567, negative
568, negative
569, positive
570, negative
571, negative
572, negative
573, positive
574, negative
575, positive
576, positive
577, positive
578, positive
579, positive
580, negative
581, positive
582, negative
583, negative
584,""
585, negative
586, negative
587, positive
588, positive
589, positive
590, positive
591, positive
592, negative
593, positive
594, negative
595, negative
596, negative
597, positive
598, negative
599, positive
600,pos
601, negative
602, negative
603, positive
604, negative
605, positive
606, positive
607, negative
608,
609, positive
610, negative
611, positive
612, positive
613, negative
614, negative
615, positive
616, positive
617, positive
618, positive
619, negative
620, positive
621, negative
622, positive
623, positive
624, negative
625, positive
626, positive
627, negative
628, positive
629, positive
630, positive
631, negative
632, negative
633, negative
634, negative
635, negative
636, negative
637, positive
638, positive
639, positive
640,""
641, negative
642, positive
643, positive
644, positive
645, negative
646, positive
647, negative
648, negative
649, negative
650, negative
651, negative
652, negative
653, positive
654, positive
655, positive
656, positive
657, positive
658, negative
659, negative
660, positive
661, negative
662, negative
663, negative
664, negative
665,
666, positive
667, positive
668, negative
669, positive
670, positive
671, negative
672, negative
673, negative
674, negative
675, negative
676, positive
677, negative
678, negative
679, positive
680, positive
681, negative
682, negative
683, negative
684, positive
685, positive
686, positive
687, positive
688, positive
689, positive
690, negative
691, negative
692, negative
693, positive
694, negative
695, negative
696, positive
697, positive
698, negative
699, positive
700, positive
701, positive
702, positive
703, negative
704, positive
705, positive
706, positive
707, negative
708, negative
709, negative
710, negative
711, negative
712, negative
713, negative
714,""
715, positive
716, negative
717, positive
718, negative
719, negative
720, positive
721, positive
722, positive
723, negative
724, negative
725, positive
726, positive
727, negative
728, negative
729, negative
730, negative
731, negative
732, positive
733, negative
734, negative
735, positive
736, positive
737, positive
738,
739, positive
740, positive
741, positive
742, negative
743, negative
744, positive
745, negative
746, positive
747, negative
748, negative
749, negative
750, negative
751, positive
752, negative
753, negative
754, positive
755, negative
756, positive
757, negative
758, negative
759, positive
760, positive
761, positive
762, positive
763, positive
764, positive
765, positive
766,""
767, positive
768, negative
769,
770, negative
771, positive
772, negative
773, positive
774, negative
775, positive
776, positive
777, positive
778, positive
779, negative
780, negative
781, positive
782, positive
783, negative
784, positive
785, negative
786, negative
787, positive
788, positive
789, negative
790, positive
791, negative
792, positive
793, negative
794, positive
795, positive
796, positive
797, positive
798, negative
799, positive
800, negative
801, positive
802, positive
803, negative
804, positive
805, negative
806, positive
807, negative
808, positive
809, positive
810, negative
811, negative
812, positive
813, negative
814, negative
815, negative
816, positive
817, negative
818, positive
819, positive
820, negative
821, negative
822, positive
823, negative
824, positive
825, negative
826, positive
827, negative
828, positive
829, positive
830, negative
831, negative
832, positive
833, positive
834, positive
835, negative
836,""
837, positive
838, positive
839, negative
840, negative
841, positive
842, positive
843, positive
844, negative
845, negative
846, negative
847, negative
848, positive
849, negative
850, positive
851, negative
852, positive
853, negative
854, positive
855, positive
856, positive
857, positive
858, negative
859, positive
860, positive
861, negative
862, positive
863, positive
864, positive
865, negative
866, negative
867, negative
868, negative
869, negative
870, positive
871, positive
872, negative
873, positive
874, positive
875, negative
876, positive
877, negative
878, positive
879, positive
880, positive
881, positive
882, negative
883, negative
884,pos
885, positive
886, negative
887, negative
888, positive
889, negative
890, positive
891, negative
892, positive
893, positive
894, negative
895, negative
896, negative
897, negative
898, positive
899, positive
900, positive
901, negative
902, positive
903, positive
904, positive
905, positive
906, negative
907, positive
908, positive
909, negative
910, negative
911, negative
912, negative
913, negative
914, positive
915, negative
916, negative
917, negative
918, positive
919, positive
920,""
921, negative
922, negative
923, positive
924, positive
925, positive
926, positive
927, positive
928, positive
929, positive
930, positive
931, negative
932, negative
933, positive
934, negative
935, positive
936, positive
937, negative
938, positive
939, negative
940,""
941, negative
942, negative
943, positive
944, negative
945, negative
946, positive
947, positive
948, positive
949, positive
950, negative
951, positive
952, positive
953, negative
954, positive
955, negative
956, positive
957, negative
958, positive
959, negative
960, positive
961, positive
962, negative
963, negative
964, negative
965,""
966, negative
967, positive
968, negative
969, negative
970, positive
971, positive
972, positive
973, positive
974, positive
975, positive
976, positive
977, positive
978, negative
979, positive
980, positive
981, positive
982, negative
983, negative
984, negative
985, positive
986, negative
987, negative
988, positive
989, positive
990, positive
991, negative
992, negative
993, negative
994, positive
995, positive
996, positive
997, negative
998, negative
999, negative
1000, positive
1001, positive
1002, positive
1003, negative
1004, positive
1005,""
1006, positive
1007, negative
1008, positive
1009,
1010, negative
1011, positive
1012, positive
1013, negative
1014, negative
